gene,82QvsWT_baseMean,82QvsWT_log2FoldChange,82QvsWT_lfcSE,82QvsWT_stat,82QvsWT_pvalue,82QvsWT_padj,591vsWT_baseMean,591vsWT_log2FoldChange,591vsWT_lfcSE,591vsWT_stat,591vsWT_pvalue,591vsWT_padj,591vs82Q_baseMean,591vs82Q_log2FoldChange,591vs82Q_lfcSE,591vs82Q_stat,591vs82Q_pvalue,591vs82Q_padj
Kcna6,3536.63142094847,-0.572219831413926,0.0657296496390775,-8.70565771392354,3.15738377089989e-18,1.70672524570112e-16,3536.63142094847,-0.434357653390293,0.0656804934194131,-6.61319108272579,3.76122434328202e-11,2.01043366066945e-08,3536.63142094847,0.137862178023633,0.0659700148280876,2.08977030523475,0.0366384380327534,0.104268443432023
